样本,臂,步,标签,过题数,合法,推进,接手最好,错误,异常,diff行数,种子
R1,起步,0,假设排除,24,true,true,,,,2,true
R1,起步,0,逐题攻考,21,true,false,,,,4,true
R1,起步,0,数据流追踪,21,true,false,,,,4,true
R1,尺,1,读码定位,37,true,true,24,,,16,false
R1,尺,2,读码定位,36,true,false,37,,,20,false
R1,尺,3,边界用例,37,true,false,37,,,18,false
R1,尺,4,边界用例,0,false,false,37,超行数上限,,22,false
R1,尺,5,边界用例,37,true,false,37,,,18,false
R1,尺,6,边界用例,36,true,false,37,,,20,false
R1,尺,7,边界用例,0,false,false,37,超行数上限,,21,false
R1,尺,8,边界用例,36,true,false,37,,,20,false
R1,尺,9,边界用例,0,false,false,37,超行数上限,,21,false
R1,尺,10,边界用例,37,true,false,37,,,20,false
R1,尺,11,边界用例,37,true,false,37,,,16,false
R1,尺,12,边界用例,37,true,false,37,,,19,false
R1,尺,13,边界用例,36,true,false,37,,,20,false
R1,尺,14,假设排除,0,false,false,37,超行数上限,,21,false
R1,尺,15,假设排除,39,true,true,37,,,20,false
R1,尺,16,边界用例,39,true,false,39,,,11,false
R1,尺,17,边界用例,39,true,false,39,,,12,false
R1,尺,18,数据流追踪,37,true,false,39,,,13,false
R1,尺,19,,0,false,false,39,缺节,,,false
R1,尺,20,边界用例,39,true,false,39,,,10,false
R1,起步,0,假设排除,24,true,true,,,,2,true
R1,起步,0,逐题攻考,21,true,false,,,,4,true
R1,起步,0,数据流追踪,21,true,false,,,,4,true
R1,画,1,读码定位,36,true,true,24,,,20,false
R1,画,2,读码定位,34,true,false,36,,,12,false
R1,画,3,读码定位,36,true,false,36,,,19,false
R1,画,4,读码定位,36,true,false,36,,,20,false
R1,画,5,边界用例,36,true,false,36,,,20,false
R1,画,6,读码定位,0,false,false,36,超行数上限,,22,false
R1,画,7,边界用例,36,true,false,36,,,20,false
R1,画,8,边界用例,36,true,false,36,,,19,false
R1,画,9,读码定位,36,true,false,36,,,19,false
R1,画,10,边界用例,0,false,false,36,超行数上限,,28,false
R1,画,11,读码定位,36,true,false,36,,,20,false
R1,画,12,读码定位,0,false,false,36,超行数上限,,21,false
R1,画,13,读码定位,39,true,true,36,,,20,false
R1,画,14,边界用例,39,true,false,39,,,18,false
R1,画,15,边界用例,39,true,false,39,,,17,false
R1,画,16,读码定位,39,true,false,39,,,8,false
R1,画,17,读码定位,39,true,false,39,,,20,false
R1,画,18,读码定位,38,true,false,39,,,20,false
R1,画,19,读码定位,0,false,false,39,超行数上限,,52,false
R1,画,20,读码定位,39,true,false,39,,,9,false
R1,起步,0,假设排除,24,true,true,,,,2,true
R1,起步,0,逐题攻考,21,true,false,,,,4,true
R1,起步,0,数据流追踪,21,true,false,,,,4,true
R1,禁,1,读码定位,37,true,true,24,,,16,false
R1,禁,2,边界用例,39,true,true,37,,,19,false
R1,禁,3,边界用例,39,true,false,39,,,10,false
R1,禁,4,读码定位,39,true,false,39,,,20,false
R1,禁,5,假设排除,39,true,false,39,,,18,false
R1,禁,6,读码定位,39,true,false,39,,,6,false
R1,禁,7,边界用例,39,true,false,39,,,7,false
R1,禁,8,整体重构,39,true,false,39,,,14,false
R1,禁,9,最小复现,0,false,false,39,超行数上限,,22,false
R1,禁,10,其他,39,true,false,39,,,12,false
R1,禁,11,边界用例,39,true,false,39,,,20,false
R1,禁,12,边界用例,39,true,false,39,,,12,false
R1,禁,13,读码定位,39,true,false,39,,,20,false
R1,禁,14,最小复现,0,false,false,39,超行数上限,,21,false
R1,禁,15,最小复现,39,true,false,39,,,20,false
R1,禁,16,其他,39,true,false,39,,,17,false
R1,禁,17,读码定位,0,false,false,39,缺节,,,false
R1,禁,18,边界用例,38,true,false,39,,,20,false
R1,禁,19,读码定位,39,true,false,39,,,18,false
R1,禁,20,读码定位,0,false,false,39,超行数上限,,21,false
R2,起步,0,假设排除,24,true,true,,,,2,true
R2,起步,0,逐题攻考,21,true,false,,,,4,true
R2,起步,0,数据流追踪,21,true,false,,,,4,true
R2,尺,1,读码定位,37,true,true,24,,,15,false
R2,尺,2,读码定位,0,false,false,37,超行数上限,,25,false
R2,尺,3,边界用例,0,false,false,37,超行数上限,,21,false
R2,尺,4,边界用例,36,true,false,37,,,19,false
R2,尺,5,边界用例,37,true,false,37,,,18,false
R2,尺,6,读码定位,40,true,true,37,,,18,false
R2,尺,7,读码定位,39,true,false,40,,,4,false
R2,尺,8,读码定位,0,false,false,40,缺节,,,false
R2,尺,9,读码定位,40,true,false,40,,,6,false
R2,尺,10,边界用例,39,true,false,40,,,10,false
R2,尺,11,读码定位,40,true,false,40,,,17,false
R2,尺,12,读码定位,39,true,false,40,,,14,false
R2,尺,13,读码定位,0,false,false,40,超行数上限,,177,false
R2,尺,14,读码定位,39,true,false,40,,,14,false
R2,尺,15,读码定位,40,true,false,40,,,17,false
R2,尺,16,边界用例,40,true,false,40,,,16,false
R2,尺,17,读码定位,39,true,false,40,,,19,false
R2,尺,18,读码定位,0,false,false,40,超行数上限,,21,false
R2,尺,19,读码定位,40,true,false,40,,,20,false
R2,尺,20,读码定位,39,true,false,40,,,19,false
R2,起步,0,假设排除,24,true,true,,,,2,true
R2,起步,0,逐题攻考,21,true,false,,,,4,true
R2,起步,0,数据流追踪,21,true,false,,,,4,true
R2,画,1,读码定位,36,true,true,24,,,20,false
R2,画,2,读码定位,38,true,true,36,,,17,false
R2,画,3,边界用例,38,true,false,38,,,10,false
R2,画,4,边界用例,38,true,false,38,,,18,false
R2,画,5,边界用例,38,true,false,38,,,15,false
R2,画,6,读码定位,0,false,false,38,超行数上限,,21,false
R2,画,7,边界用例,38,true,false,38,,,19,false
R2,画,8,读码定位,38,true,false,38,,,19,false
R2,画,9,边界用例,38,true,false,38,,,18,false
R2,画,10,边界用例,38,true,false,38,,,20,false
R2,画,11,读码定位,0,false,false,38,超行数上限,,21,false
R2,画,12,边界用例,38,true,false,38,,,20,false
R2,画,13,读码定位,38,true,false,38,,,20,false
R2,画,14,边界用例,38,true,false,38,,,19,false
R2,画,15,边界用例,38,true,false,38,,,20,false
R2,画,16,边界用例,38,true,false,38,,,20,false
R2,画,17,,0,false,false,38,缺节,,,false
R2,画,18,读码定位,0,false,false,38,超行数上限,,22,false
R2,画,19,,0,false,false,38,缺节,,,false
R2,画,20,读码定位,38,true,false,38,,,19,false
R2,起步,0,假设排除,24,true,true,,,,2,true
R2,起步,0,逐题攻考,21,true,false,,,,4,true
R2,起步,0,数据流追踪,21,true,false,,,,4,true
R2,禁,1,读码定位,0,false,false,24,缺节,,,false
R2,禁,2,读码定位,36,true,true,24,,,17,false
R2,禁,3,边界用例,39,true,true,36,,,16,false
R2,禁,4,边界用例,39,true,false,39,,,17,false
R2,禁,5,读码定位,39,true,false,39,,,13,false
R2,禁,6,整体重构,39,true,false,39,,,11,false
R2,禁,7,读码定位,39,true,false,39,,,19,false
R2,禁,8,最小复现,0,false,false,39,超行数上限,,38,false
R2,禁,9,最小复现,39,true,false,39,,,20,false
R2,禁,10,假设排除,39,true,false,39,,,19,false
R2,禁,11,其他,0,false,false,39,超行数上限,,35,false
R2,禁,12,其他,39,true,false,39,,,13,false
R2,禁,13,边界用例,0,false,false,39,超行数上限,,182,false
R2,禁,14,假设排除,39,true,false,39,,,20,false
R2,禁,15,边界用例,39,true,false,39,,,14,false
R2,禁,16,读码定位,39,true,false,39,,,19,false
R2,禁,17,数据流追踪,39,true,false,39,,,7,false
R2,禁,18,其他,39,true,false,39,,,6,false
R2,禁,19,其他,39,true,false,39,,,11,false
R2,禁,20,假设排除,0,false,false,39,超行数上限,,43,false
R3,起步,0,假设排除,24,true,true,,,,2,true
R3,起步,0,逐题攻考,21,true,false,,,,4,true
R3,起步,0,数据流追踪,21,true,false,,,,4,true
R3,尺,1,读码定位,36,true,true,24,,,19,false
R3,尺,2,读码定位,37,true,true,36,,,17,false
R3,尺,3,边界用例,36,true,false,37,,,8,false
R3,尺,4,边界用例,37,true,false,37,,,18,false
R3,尺,5,读码定位,37,true,false,37,,,20,false
R3,尺,6,读码定位,0,false,false,37,缺节,,,false
R3,尺,7,读码定位,37,true,false,37,,,19,false
R3,尺,8,读码定位,0,false,false,37,超行数上限,,25,false
R3,尺,9,边界用例,37,true,false,37,,,20,false
R3,尺,10,读码定位,37,true,false,37,,,19,false
R3,尺,11,边界用例,37,true,false,37,,,19,false
R3,尺,12,边界用例,37,true,false,37,,,17,false
R3,尺,13,,0,false,false,37,缺节,,,false
R3,尺,14,边界用例,37,true,false,37,,,12,false
R3,尺,15,边界用例,37,true,false,37,,,19,false
R3,尺,16,数据流追踪,37,true,false,37,,,16,false
R3,尺,17,假设排除,37,true,false,37,,,13,false
R3,尺,18,,0,false,false,37,缺节,,,false
R3,尺,19,读码定位,37,true,false,37,,,19,false
R3,尺,20,边界用例,37,true,false,37,,,19,false
R3,起步,0,假设排除,24,true,true,,,,2,true
R3,起步,0,逐题攻考,21,true,false,,,,4,true
R3,起步,0,数据流追踪,21,true,false,,,,4,true
R3,画,1,读码定位,37,true,true,24,,,18,false
R3,画,2,边界用例,36,true,false,37,,,15,false
R3,画,3,边界用例,36,true,false,37,,,18,false
R3,画,4,边界用例,36,true,false,37,,,15,false
R3,画,5,数据流追踪,36,true,false,37,,,17,false
R3,画,6,边界用例,37,true,false,37,,,20,false
R3,画,7,边界用例,37,true,false,37,,,20,false
R3,画,8,边界用例,37,true,false,37,,,20,false
R3,画,9,边界用例,40,true,true,37,,,20,false
R3,画,10,,0,false,false,40,缺节,,,false
R3,画,11,边界用例,0,false,false,40,超行数上限,,21,false
R3,画,12,,0,false,false,40,缺节,,,false
R3,画,13,边界用例,39,true,false,40,,,13,false
R3,画,14,边界用例,39,true,false,40,,,9,false
R3,画,15,边界用例,40,true,false,40,,,11,false
R3,画,16,边界用例,40,true,false,40,,,20,false
R3,画,17,边界用例,0,false,false,40,超行数上限,,23,false
R3,画,18,边界用例,39,true,false,40,,,17,false
R3,画,19,边界用例,0,false,false,40,超行数上限,,22,false
R3,画,20,边界用例,40,true,false,40,,,11,false
R3,起步,0,假设排除,24,true,true,,,,2,true
R3,起步,0,逐题攻考,21,true,false,,,,4,true
R3,起步,0,数据流追踪,21,true,false,,,,4,true
R3,禁,1,读码定位,36,true,true,24,,,18,false
R3,禁,2,读码定位,36,true,false,36,,,20,false
R3,禁,3,,0,false,false,36,缺节,,,false
R3,禁,4,边界用例,36,true,false,36,,,19,false
R3,禁,5,其他,36,true,false,36,,,20,false
R3,禁,6,最小复现,36,true,false,36,,,11,false
R3,禁,7,读码定位,35,true,false,36,,,2,false
R3,禁,8,读码定位,36,true,false,36,,,13,false
R3,禁,9,边界用例,36,true,false,36,,,7,false
R3,禁,10,边界用例,36,true,false,36,,,18,false
R3,禁,11,假设排除,0,false,false,36,超行数上限,,23,false
R3,禁,12,假设排除,39,true,true,36,,,16,false
R3,禁,13,读码定位,0,false,false,39,超行数上限,,22,false
R3,禁,14,假设排除,37,true,false,39,,,10,false
R3,禁,15,边界用例,39,true,false,39,,,10,false
R3,禁,16,边界用例,0,false,false,39,超行数上限,,182,false
R3,禁,17,整体重构,39,true,false,39,,,14,false
R3,禁,18,边界用例,39,true,false,39,,,14,false
R3,禁,19,假设排除,39,true,false,39,,,13,false
R3,禁,20,边界用例,37,true,false,39,,,6,false
