turn,inputTokens,cacheReadTokens,请求量_in加cacheRead,outputTokens,reasoningTokens
1,75,512,587,256,162
2,85,768,853,248,115
3,87,1024,1111,243,71
4,85,1280,1365,213,62
5,49,1536,1585,343,185
6,25,1920,1945,745,701
7,18,2688,2706,232,131
8,157,2816,2973,190,129
9,99,3072,3171,484,319
10,85,3584,3669,222,102
11,63,3840,3903,329,151
12,21,4224,4245,268,132
13,45,4480,4525,246,129
14,304,4480,4784,321,148
15,127,4992,5119,288,138
16,38,5376,5414,427,283
17,90,5760,5850,99,68
18,68,5888,5956,336,197
19,34,6272,6306,178,102
20,95,6400,6495,189,99
21,43,6656,6699,178,82
22,106,6784,6890,237,98
23,96,7040,7136,216,96
24,67,7296,7363,202,62
25,21,7552,7573,106,63
26,141,7552,7693,160,93
27,52,7808,7860,106,47
28,61,7936,7997,573,385
29,138,8448,8586,266,175
30,36,8832,8868,164,73
31,89,8960,9049,448,224
32,34,9472,9506,97,58
33,13,9600,9613,217,107
34,123,9728,9851,175,88
35,52,9984,10036,162,73
36,109,10112,10221,248,143
37,128,10368,10496,326,217
38,92,10752,10844,220,122
39,64,11008,11072,321,284
40,13,11392,11405,197,98
41,102,11520,11622,290,152
42,23,11904,11927,302,136
43,84,12160,12244,154,80
44,141,12288,12429,352,202
45,116,12672,12788,191,63
46,76,12928,13004,195,107
47,26,13184,13210,142,62
48,71,13312,13383,164,78
49,125,13440,13565,225,96
50,108,13696,13804,268,108
51,131,13952,14083,156,98
52,46,14208,14254,157,86
53,88,14336,14424,150,81
54,122,14464,14586,137,66
55,39,14720,14759,125,75
56,50,14848,14898,142,86
57,71,14976,15047,176,55
58,151,15104,15255,166,98
59,80,15360,15440,121,80
60,104,15488,15592,318,155
61,60,15872,15932,152,86
62,97,16000,16097,259,88
63,121,16256,16377,148,78
64,40,16512,16552,136,88
65,55,16640,16695,268,128
66,120,16896,17016,249,144
67,124,17152,17276,89,50
68,103,17280,17383,136,66
69,121,17408,17529,192,61
70,80,17664,17744,105,55
71,71,17792,17863,119,70
72,81,17920,18001,143,82
73,104,18048,18152,341,141
74,79,18432,18511,142,71
75,106,18560,18666,246,76
76,107,18816,18923,245,76
77,113,19072,19185,166,73
78,39,19328,19367,224,120
79,31,19584,19615,258,82
80,40,19840,19880,241,77
81,42,20096,20138,109,68
82,40,20224,20264,171,89
83,100,20352,20452,156,81
84,7,20608,20615,132,44
85,25,20736,20761,120,72
86,161,20736,20897,216,111
87,128,20992,21120,130,49
88,24,21248,21272,166,77
89,89,21376,21465,517,251
90,105,21888,21993,316,89
91,60,22272,22332,231,142
92,44,22528,22572,166,64
93,94,22656,22750,157,55
94,136,22784,22920,186,92
95,75,23040,23115,171,74
96,129,23168,23297,131,57
97,14,23424,23438,284,77
98,54,23680,23734,460,140
99,62,24192,24254,298,153
100,112,24448,24560,150,70
101,23,24704,24727,275,88
102,52,24960,25012,107,56
103,41,25088,25129,101,51
104,50,25216,25266,140,83
105,69,25344,25413,101,48
106,55,25472,25527,206,78
107,21,25728,25749,133,74
108,56,25856,25912,457,209
109,16,26368,26384,184,94
110,88,26496,26584,191,83
111,39,26752,26791,450,203
112,116,27136,27252,270,90
113,18,27520,27538,284,101
114,59,27776,27835,201,96
115,15,28032,28047,151,69
116,48,28160,28208,411,144
117,474,28160,28634,167,87
118,11,28800,28811,395,169
119,32,29184,29216,297,105
120,81,29440,29521,155,58
121,129,29568,29697,196,106
122,78,29824,29902,93,47
123,53,29952,30005,90,49
124,29,30080,30109,112,70
125,47,30208,30255,120,81
126,51,30336,30387,144,74
127,81,30464,30545,271,77
128,139,30720,30859,245,125
129,19,31104,31123,159,63
130,86,31232,31318,123,68
131,95,31360,31455,105,70
132,80,31488,31568,99,50
133,70,31616,31686,93,54
134,42,31744,31786,99,56
135,35,31872,31907,153,80
136,76,32000,32076,375,166
137,78,32384,32462,183,99
138,12,32640,32652,86,86
139,110,32640,32750,325,123
140,61,33024,33085,163,67
141,111,33152,33263,191,81
142,59,33408,33467,170,78
143,117,33536,33653,277,96
144,20,33920,33940,113,54
145,17,34048,34065,106,60
146,134,34048,34182,159,66
147,174,34176,34350,139,51
148,93,34432,34525,143,86
149,120,34560,34680,118,54
150,117,34688,34805,141,49
151,12,34944,34956,141,67
152,74,35072,35146,172,102
153,137,35200,35337,93,54
154,118,35328,35446,145,88
155,15,35584,35599,134,61
156,30,35712,35742,268,86
157,54,35968,36022,291,68
158,106,36224,36330,146,71
159,135,36352,36487,368,135
160,146,36736,36882,280,121
161,61,37120,37181,316,96
162,144,37376,37520,298,142
163,71,37760,37831,330,98
164,28,38144,38172,241,80
165,24,38400,38424,268,80
166,45,38656,38701,220,90
167,18,38912,38930,168,52
168,67,39040,39107,87,50
169,40,39168,39208,116,70
170,37,39296,39333,152,53
171,78,39424,39502,205,70
172,34,39680,39714,136,54
173,60,39808,39868,138,62
174,93,39936,40029,433,177
175,28,40448,40476,374,135
176,29,40832,40861,254,70
177,39,41088,41127,245,95
178,43,41344,41387,313,94
179,111,41600,41711,192,64
180,63,41856,41919,361,129
181,51,42240,42291,158,70
182,91,42368,42459,144,62
183,115,42496,42611,136,46
184,135,42624,42759,110,54
185,131,42752,42883,108,70
186,120,42880,43000,164,53
187,59,43136,43195,113,67
188,60,43264,43324,145,83
189,84,43392,43476,104,47
190,76,43520,43596,137,60
191,117,43648,43765,459,179
192,79,44160,44239,314,101
193,25,44544,44569,323,99
194,100,44800,44900,107,55
195,88,44928,45016,110,59
196,94,45056,45150,233,93
197,80,45312,45392,172,61
198,146,45440,45586,354,110
199,129,45824,45953,303,84
200,58,46208,46266,240,77
201,51,46464,46515,188,87
202,118,46592,46710,275,56
203,18,46976,46994,171,66
204,68,47104,47172,168,44
205,126,47232,47358,393,143
206,22,47744,47766,382,107
207,51,48128,48179,394,92
208,463,48128,48591,409,175
209,114,48896,49010,105,63
210,99,49024,49123,100,56
211,85,49152,49237,112,61
212,80,49280,49360,155,60
213,116,49408,49524,171,75
214,40,49664,49704,195,50
215,121,49792,49913,109,58
216,109,49920,50029,164,49
217,292,49920,50212,94,54
218,9,50304,50313,165,74
219,64,50432,50496,133,63
220,76,50560,50636,158,72
221,123,50688,50811,122,54
222,125,50816,50941,251,73
223,131,51072,51203,250,71
224,141,51328,51469,152,62
225,45,51584,51629,171,76
226,95,51712,51807,263,60
227,112,51968,52080,167,75
228,33,52224,52257,305,99
229,109,52480,52589,298,145
230,42,52864,52906,318,112
231,116,53120,53236,341,114
232,94,53504,53598,229,89
233,78,53760,53838,131,55
234,90,53888,53978,263,60
235,112,54144,54256,170,69
236,38,54400,54438,214,79
237,136,54528,54664,142,71
238,31,54784,54815,156,62
239,66,54912,54978,184,44
240,135,55040,55175,259,97
241,26,55424,55450,264,160
242,45,55680,55725,217,86
243,16,55936,55952,209,76
244,105,56064,56169,124,49
245,113,56192,56305,163,64
246,29,56448,56477,159,50
247,70,56576,56646,103,49
248,60,56704,56764,182,71
249,130,56832,56962,210,105
250,98,57088,57186,106,58
251,88,57216,57304,274,71
252,113,57472,57585,85,47
253,82,57600,57682,179,60
254,271,57600,57871,94,48
255,119,57856,57975,111,61
256,109,57984,58093,107,47
257,104,58112,58216,171,104
258,30,58368,58398,311,106
259,94,58624,58718,419,174
260,24,59136,59160,194,76
261,103,59264,59367,221,78
262,79,59520,59599,184,91
263,14,59776,59790,220,61
264,116,59904,60020,264,68
265,133,60160,60293,143,63
266,27,60416,60443,99,45
267,136,60416,60552,218,92
268,112,60672,60784,250,108
269,116,60928,61044,152,62
270,19,61184,61203,111,48
271,16,61312,61328,100,58
272,123,61312,61435,163,49
273,49,61568,61617,97,54
274,28,61696,61724,252,68
275,34,61952,61986,130,58
276,46,62080,62126,138,66
277,63,62208,62271,102,44
278,55,62336,62391,138,65
279,72,62464,62536,102,45
280,58,62592,62650,127,61
281,73,62720,62793,114,63
282,87,62848,62935,376,153
283,88,63232,63320,233,65
284,101,63488,63589,356,112
285,109,63872,63981,242,88
286,123,64128,64251,288,92
287,39,64512,64551,120,55
288,40,64640,64680,246,59
289,37,64896,64933,103,53
290,25,65024,65049,167,66
291,71,65152,65223,228,54
292,52,65408,65460,120,57
293,80,65536,65616,140,84
294,99,65664,65763,93,44
295,77,65792,65869,256,90
296,90,66048,66138,186,78
297,41,66304,66345,178,78
298,101,66432,66533,194,70
299,50,66688,66738,204,86
300,133,66816,66949,214,70
301,109,67072,67181,138,68
302,131,67200,67331,203,74
303,99,67456,67555,178,76
304,28,67712,67740,150,75
305,71,67840,67911,145,81
306,95,67968,68063,105,44
307,86,68096,68182,99,58
308,65,68224,68289,124,68
309,79,68352,68431,160,72
310,120,68480,68600,132,63
311,137,68608,68745,188,74
312,86,68864,68950,136,54
313,107,68992,69099,175,64
314,36,69248,69284,166,69
315,86,69376,69462,141,64
316,112,69504,69616,130,69
317,128,69632,69760,290,101
318,60,70016,70076,260,124
319,71,70272,70343,225,45
320,55,70528,70583,164,80
321,105,70656,70761,99,58
322,83,70784,70867,163,49
